n_ind,n_pnts,pnts_in_pa,prop_in_pa,pnts_in_ca,prop_in_ca
12,5105,5055,0.990205680705191,5094,0.997845249755142
